Name	title	coding
t2_1s5opmkane	summer internship!	Work & Research
t2_1vw0cup5az	U1 winter semester courses HELP!	Academic
t2_1adr9xel9p	biol 200 midterm	Course
t2_5571zifl	Why don‚Äôt I see anyone at McGill pizza anymore?	Leisure & Lifestyle
t2_3yvdmdyj	A call for help (mod approved)	Life & Resources
t2_mlqw2ml9	STM strike	Current Events and Activism
t2_rn4fhv0l	advice for u1 anat &amp; cell bio winter semester	Academic
t2_mh81gx29	Getting into MSc with no publications?	Admissions
t2_4z6391kb	PSYC406 MIDTERM 2 - What to expect?	Course
t2_1tf6b5my23	ANTH 314 Quiz- When?	Course
t2_41hsfow6	Does anyone know why the PSYC 406 midterm this morning was so hard	Course
t2_5vkc8	Did you lose your key	Life & Resources
t2_pu2xnpgl	FREE - molecular chemistry kit - pick up @ du Parc/Milton	Life & Resources
t2_3v3mbict9	Messed up my transcripts and lost on what to do now.	Academic
t2_k49fjt9m	BIOL 200 final exam prep	Course
t2_g008m45r4	How do I make friends (U2 Edition)	Leisure & Lifestyle
t2_2200empp	What do you think of the SSMU Free Lunches now?	Life & Resources
t2_h3zn7smr	Is there an Electrical Enginering Helpline community	Academic
t2_wyt7uqyow	PGSS Halloween party	Leisure & Lifestyle
t2_50kt8wa2	Current MSW students-	Academic
t2_1w9wlms7vb	Anyone here currently studying or recently graduated from a Master‚Äôs in Medical Physics? Would love to connect!	Academic
t2_n604gr1hc	Language Poll	Life & Resources
t2_d70ouhys	SSMU Fall Referendum 2025 - Go vote!	Current Events and Activism
t2_3fip8u6c	Enrolling in GuardMe Digital Doctor	Life & Resources
t2_d7u94s3t	"interested in bioinformatics, but struggling with courses in comp minor"	Academic
t2_ki46590q	Comp 551 Midterm2	Course
t2_9rr98bi0	STM Strike Rant	Current Events and Activism
t2_haexj0t1	PSA: Theft at McGill Gym Lockers	Life & Resources
t2_xuti1j4u8	PHAR 300!!	Course
t2_10h2rkqald	Need to prove the language of instruction at McGill is English	Admissions
t2_1sutma26re	Biol 111 Midterm Grades	Course
t2_pfjx6xhn	B2 Gym Thief	Life & Resources
t2_749qv5l9	MIMM 211 Final Anki cards	Course
t2_dhw537h6	MRI study looking for participants 35-60 years old -- participation is compensated	Work & Research
t2_dmqsfzzw	Doing an at-home test at McGill?	Academic
t2_sy2kk792	Life outside school feels so boring	Leisure & Lifestyle
t2_b5j4h2rds	Anat 322 or Path 300	Course
t2_c8ujm6om	OPUS recharge	Life & Resources
t2_8eettfcs	Hardest math course- taught by a frog	Academic
t2_61ingwz9	Math235 how to study?	Course
t2_cyhnln8a	Greenshield health insurance access	Life & Resources
t2_9hbt1xzk	"To the person asking for pizza recs, thanks for dinner idea. Ft McGill Pizza"	Leisure & Lifestyle
t2_kot2gxpnv	Best pizza place in campus	Leisure & Lifestyle
t2_1qalcn795r	where to go tonight	Leisure & Lifestyle
t2_bi6t4tb8	"Education teachers, please drop your FE fits in the comments üôè"	Leisure & Lifestyle
t2_1a9cmg1owb	ANTH 212	Course
t2_4qbcnn7d	Does/Can the prof know who are S/U or non S/U students?	Academic
t2_pu2xnpgl	FREE - molecular chemistry kit - pick up @ du Parc/Milton	Life & Resources
t2_6l4z3	good news monday	Current Events and Activism
t2_6ahkum2r	Prof inputted wrong grade on my courses	Academic