name,title,category
"t2_2200empp","What do you think of the SSMU Free Lunches now?","Life & Resources"
"t2_g008m45r4","How do I make friends (U2 Edition)","Leisure & Lifestyle"
"t2_749qv5l9","MIMM 211 Final Anki cards","Course"
"t2_li5cdiw5r","ECON 313 second midterm?","Course"
"t2_4qbcnn7d","Does/Can the prof know who are S/U or non S/U students?","Academic"
"t2_tbee9npy9","PGWP winter 2025 batch","Work & Research"
"t2_d70ouhys","SSMU Fall Referendum 2025 - Go vote!","Current Events & Activism"
"t2_41hsfow6","Does anyone know why the PSYC 406 midterm this morning was so hard","Course"
"t2_q7wlanzp","PSYC 444 midterm 2","Course"
"t2_haexj0t1","PSA: Theft at McGill Gym Lockers","Life & Resources"
"t2_1741mv","Closest covered bike rack near SSMU centre","Life & Resources"
"t2_jz43w0bk","Do you study on Friday night ?","Leisure & Lifestyle"
"t2_d7u94s3t","'interested in bioinformatics, but struggling with courses in comp minor'","Academic"
"t2_6l4z3","good news monday","Life & Resources"
"t2_6l4z3","REAL TALK FRIDAY","Life & Resources"
"t2_wyt7uqyow","PGSS Halloween party","Leisure & Lifestyle"
"t2_8qkvthtv","What should I do?","Life & Resources"
"t2_as6dh93s","advice for comp302","Course"
"t2_mlqw2ml9","STM strike","Current Events & Activism"
"t2_dhw537h6","MRI study looking for participants 35-60 years old -- participation is compensated","Work & Research"
"t2_l7y9h6ei","Comp 249 midterm","Course"
"t2_mnavg75m5","ELECTIVES","Course"
"t2_ox7e5shgw","COMM 227 - Group Project","Course"
"t2_191wyojku8","Looking for potential interviewees","Admissions"
"t2_1b1scma6a3","Whoâ€™s on campus and wanna hang out for a little bit","Leisure & Lifestyle"
"t2_g5flsnf0","Authenticator App","Academic"
"t2_jvku1qzj","Alternative date?","Leisure & Lifestyle"
"t2_z5d4r278g","Lab coat","Academic"
"t2_19vn61sbwt","STM strike","Current Events & Activism"
"t2_l4p51ts0w","Lost silver bracelet at Loyola","Leisure & Lifestyle"
"t2_18t9tuw8bu","Kokotov or Korotkin for ENGR 233?","Course"
"t2_l3tdqutsa","COMM 215 JOHN K FINAL CRASH COURSE","Course"
"t2_1wypnuu49h","'Help a fellow student with a quick, anonymous survey on Student Housing'","Admissions"
"t2_1adls53u4h","FOSTER A CAT FOR 1.5 MONTHS","Leisure & Lifestyle"
"t2_5lpfopuu5","SOCI298-Midterm","Course"
"t2_1kxhvi5ljv","Engr 202 final with Caroline","Course"
"t2_dk0zgzrz","teachers and grading","Academic"
"t2_90ekmiiu","FG Building","Academic"
"t2_ibrtmbxhd","Comm 309 wahab","Course"
"t2_vjx8c4kk","econ 203","Course"
